<?xml version="1.0" encoding="UTF-8"?>
<project-private xmlns="http://www.netbeans.org/ns/project-private/1">
    <editor-bookmarks xmlns="http://www.netbeans.org/ns/editor-bookmarks/2" lastBookmarkId="0"/>
    <open-files xmlns="http://www.netbeans.org/ns/projectui-open-files/2">
        <group>
            <file>file:/C:/Users/Gui/OneDrive%20-%20Instituto%20Politécnico%20de%20Tomar/Ambiente%20de%20Trabalho/CurrMaximusGIT/CurriculumMaximus/CurriculumDigitalANT/src/p2p/OremoteP2P.java</file>
            <file>file:/C:/Users/Gui/OneDrive%20-%20Instituto%20Politécnico%20de%20Tomar/Ambiente%20de%20Trabalho/CurrMaximusGIT/CurriculumMaximus/CurriculumDigitalANT/src/p2p/P2PNode.java</file>
            <file>file:/C:/Users/Gui/OneDrive%20-%20Instituto%20Politécnico%20de%20Tomar/Ambiente%20de%20Trabalho/CurrMaximusGIT/CurriculumMaximus/CurriculumDigitalANT/src/com/mycompany/curriculumdigital/Miner.java</file>
        </group>
    </open-files>
</project-private>
